<application>
  <component name="ActionsLocalSummary">
    <data>
      <entry key="ActivateProjectToolWindow">
        <ActionSummary times="5" last="1593451104258" />
      </entry>
      <entry key="ActivateRunToolWindow">
        <ActionSummary times="3" last="1593451915243" />
      </entry>
      <entry key="CloseProject">
        <ActionSummary times="2" last="1593452337351" />
      </entry>
      <entry key="EditorBackSpace">
        <ActionSummary times="25" last="1593452161397" />
      </entry>
      <entry key="EditorPaste">
        <ActionSummary times="1" last="1593450715139" />
      </entry>
      <entry key="EditorSelectWord">
        <ActionSummary times="1" last="1593451005973" />
      </entry>
      <entry key="JumpToLastWindow">
        <ActionSummary times="1" last="1593450868811" />
      </entry>
      <entry key="Maven.RunBuild">
        <ActionSummary times="6" last="1593451810293" />
      </entry>
      <entry key="ShowSettings">
        <ActionSummary times="2" last="1593451926322" />
      </entry>
      <entry key="Tree-selectChild">
        <ActionSummary times="1" last="1593450945407" />
      </entry>
      <entry key="Tree-selectNext">
        <ActionSummary times="11" last="1593450948049" />
      </entry>
      <entry key="Vcs.VcsClone">
        <ActionSummary times="1" last="1593450710557" />
      </entry>
      <entry key="ViewNavigationBar">
        <ActionSummary times="1" last="1593450911631" />
      </entry>
      <entry key="ViewToolButtons">
        <ActionSummary times="2" last="1593450938639" />
      </entry>
      <entry key="WelcomeScreen.OpenProject">
        <ActionSummary times="1" last="1593451782000" />
      </entry>
      <entry key="WelcomeScreen.Plugins">
        <ActionSummary times="1" last="1593450527701" />
      </entry>
      <entry key="WelcomeScreen.Settings">
        <ActionSummary times="2" last="1593451675564" />
      </entry>
      <entry key="com.intellij.openapi.fileEditor.impl.EditorTabbedContainer$CloseTab">
        <ActionSummary times="1" last="1593451110677" />
      </entry>
      <entry key="com.intellij.openapi.wm.impl.welcomeScreen.FlatWelcomeFrame$FlatWelcomeScreen$5">
        <ActionSummary times="3" last="1593451670753" />
      </entry>
    </data>
  </component>
</application>