<application>
  <component name="PropertiesComponent">
    <property name="BuildView.Splitter.Proportion" value="0.2902346" />
    <property name="Edu.CourseCreator.Enabled" value="true" />
    <property name="Educational.recentCoursesFilled" value="true" />
    <property name="InstalledPluginsSearchHistory" value="settings sy&#10;s&#10;sy&#10;syn&#10;sync" />
    <property name="MarketplacePluginsSearchHistory" value="settings sy&#10;settings s&#10;settings&#10;settin&#10;sett" />
    <property name="NonModalCommitCustomization.IsApplied" value="true" />
    <property name="PluginConfigurable.selectionTab" value="1" />
    <property name="SettingsSearchHistory" value="plugins&#10;mave&#10;keym&#10;key&#10;whee" />
    <property name="appcds.runOnSecondStart" value="IC-201.7846.76-4661108cf59f822d22be3c057ff7ae0a7bb13001b7292e871f9784096fcbdd09" />
    <property name="ask.about.ctrl.y.shortcut" value="true" />
    <property name="build.toolwindow.Sync.selection.state" value="com.intellij.build.BuildTreeConsoleView" />
    <property name="build.toolwindow.run.selection.state" value="com.intellij.build.BuildTreeConsoleView" />
    <property name="defaultJdkConfigured" value="true" />
    <property name="file.chooser.recent.files" value="$USER_HOME$/IdeaProjects/agile-practices-application&#10;/usr/share/maven/conf/settings.xml" />
    <property name="file.gist.reindex.count" value="30" />
    <property name="ide.memory.adjusted" value="true" />
    <property name="installed.kotlin.plugin.version" value="1.3.72-release-IJ2020.1-1" />
    <property name="lastSeenTip" value="neue-FixDocComment.html" />
    <property name="lastTimeTipsWereShown" value="1593450727887" />
    <property name="last_opened_file_path" value="$USER_HOME$/IdeaProjects/agile-practices-application" />
    <property name="packagesearch.endpoint.url.fulltext" value="https://package-search.services.jetbrains.com/api/search/idea/fulltext" />
    <property name="packagesearch.endpoint.url.suggest" value="https://package-search.services.jetbrains.com/api/search/idea/suggest" />
    <property name="packagesearch.status.updated.ts" value="1593450726416" />
    <property name="seenTips" value="neue-FixDocComment.html" />
    <property name="tasks.pass.word.conversion.enforced" value="true" />
  </component>
</application>