<application>
  <component name="DimensionService">
    <size key="GridCell.Tab.0.left.0.0.1920.1080" width="1862" height="581" />
    <size key="GridCell.Tab.0.center.0.0.1920.1080" width="1862" height="581" />
    <size key="GridCell.Tab.0.right.0.0.1920.1080" width="1862" height="581" />
    <size key="GridCell.Tab.0.bottom.0.0.1920.1080" width="1862" height="581" />
  </component>
  <component name="WindowManager">
    <frame x="260" y="20" width="1400" height="1000" extendedState="6" />
    <layout>
      <window_info anchor="bottom" id="Find" order="1" />
      <window_info anchor="bottom" id="Inspection" order="4" weight="0.4" />
      <window_info anchor="bottom" id="Debug" order="3" weight="0.4" />
      <window_info id="Structure" order="1" weight="0.25" />
      <window_info anchor="bottom" id="Run" order="2" />
      <window_info anchor="bottom" id="Version Control" order="0" />
      <window_info content_ui="combo" id="Project" order="0" weight="0.25" />
    </layout>
  </component>
  <component name="WindowStateApplicationService">
    <state x="555" y="87" width="800" height="721" key="#Plugins" timestamp="1593450624246">
      <screen x="0" y="0" width="1920" height="1040" />
    </state>
    <state x="555" y="87" width="800" height="721" key="#Plugins/0.0.1920.1040" timestamp="1593450624246" />
    <state x="693" y="223" key="FileChooserDialogImpl" timestamp="1593451798589">
      <screen x="0" y="0" width="1920" height="1080" />
    </state>
    <state x="693" y="223" key="FileChooserDialogImpl/0.0.1920.1080" timestamp="1593451798589" />
    <state x="1482" y="718" width="400" height="330" key="ProcessPopupWindow" timestamp="1593450928215">
      <screen x="0" y="0" width="1920" height="1080" />
    </state>
    <state x="1482" y="718" width="400" height="330" key="ProcessPopupWindow/0.0.1920.1080" timestamp="1593450928215" />
    <state x="419" y="81" width="1082" height="739" key="SettingsEditor" timestamp="1593451778401">
      <screen x="0" y="0" width="1920" height="1080" />
    </state>
    <state x="419" y="78" width="1082" height="739" key="SettingsEditor/0.0.1920.1040" timestamp="1593450665080" />
    <state x="419" y="81" key="SettingsEditor/0.0.1920.1080" timestamp="1593451778401" />
    <state x="959" y="455" key="WELCOME_SCREEN" timestamp="1593452346532">
      <screen x="0" y="0" width="1920" height="1080" />
    </state>
    <state x="960" y="442" key="WELCOME_SCREEN/0.0.1920.1040" timestamp="1593450626582" />
    <state x="959" y="455" key="WELCOME_SCREEN/0.0.1920.1080" timestamp="1593452346532" />
  </component>
</application>