<project version="4">
  <component name="FileEditorManager">
    <leaf SIDE_TABS_SIZE_LIMIT_KEY="-1" />
  </component>
  <component name="IgnoredFileRootStore">
    <option name="generatedRoots">
      <set>
        <option value="$PROJECT_DIR$/.idea" />
      </set>
    </option>
  </component>
  <component name="MavenProjectNavigator">
    <treeState>
      <expand>
        <path>
          <item name="" type="16c1761:MavenProjectsStructure$RootNode" />
          <item name="dbo" type="9519ce18:MavenProjectsStructure$ProjectNode" />
        </path>
        <path>
          <item name="" type="16c1761:MavenProjectsStructure$RootNode" />
          <item name="dbo" type="9519ce18:MavenProjectsStructure$ProjectNode" />
          <item name="Lifecycle" type="58874e2:MavenProjectsStructure$LifecycleNode" />
        </path>
      </expand>
      <select />
    </treeState>
  </component>
  <component name="ProjectFrameBounds" x="260" y="20" width="1400" height="1000" extendedState="6" />
  <component name="ProjectView">
    <navigator currentView="ProjectPane" proportions="" version="1" />
    <panes>
      <pane id="ProjectPane">
        <subPane>
          <expand>
            <path>
              <item name="dbo" type="b2602c69:ProjectViewProjectNode" />
              <item name="agile-practices-application" type="462c0819:PsiDirectoryNode" />
            </path>
          </expand>
          <select />
        </subPane>
      </pane>
      <pane id="Course" />
      <pane id="PackagesPane" />
      <pane id="Scope" />
    </panes>
  </component>
  <component name="ToolWindowManager">
    <layout>
      <window_info id="Commit" order="3" />
      <window_info anchor="bottom" id="Services" order="9" show_stripe_button="false" />
      <window_info anchor="bottom" id="Problems View" order="5" />
      <window_info anchor="right" id="Key Promoter X" order="0" weight="0.32935917" />
      <window_info content_ui="combo" id="Project" order="0" visible="true" weight="0.19065522" />
      <window_info id="Learn" order="4" />
      <window_info anchor="bottom" id="TODO" order="3" />
      <window_info anchor="bottom" id="Run" order="4" weight="0.6330561" />
      <window_info anchor="bottom" id="Debug" order="6" weight="0.4" />
      <window_info id="Structure" order="1" weight="0.25" />
      <window_info anchor="bottom" id="Educational.CheckDetails" order="10" />
      <window_info anchor="bottom" id="Terminal" order="11" />
      <window_info anchor="right" id="Maven" order="1" weight="0.32975295" />
      <window_info anchor="bottom" id="Inspection" order="8" weight="0.4" />
      <window_info anchor="bottom" id="Version Control" order="0" />
      <window_info anchor="bottom" id="Project Problems" order="7" />
      <window_info anchor="bottom" id="Build" order="12" />
      <window_info anchor="bottom" id="Find" order="1" />
      <window_info anchor="bottom" id="Event Log" order="2" side_tool="true" />
      <window_info id="Favorites" order="2" side_tool="true" />
    </layout>
  </component>
  <component name="editorHistoryManager">
    <entry file="file://$PROJECT_DIR$/README.md">
      <provider selected="true" editor-type-id="split-provider[text-editor;markdown-preview-editor]">
        <state split_layout="SECOND">
          <first_editor />
          <second_editor />
        </state>
      </provider>
    </entry>
    <entry file="file://$PROJECT_DIR$/pom.xml">
      <provider selected="true" editor-type-id="text-editor">
        <state relative-caret-position="732">
          <caret line="566" lean-forward="true" selection-start-line="566" selection-end-line="566" />
        </state>
      </provider>
    </entry>
  </component>
</project>